5/7/2026,0,I felt the peace that the spirit brings during my pesticide exam and that helped me to stay calm and focus. I passed the test!
5/7/2026,1,Hackers got canvas. Not really good but definitely cool.
5/7/2026,2,I am grateful for my mom. : )
5/7/2026,2,I am grateful for the rain. It is wonderful to me!
5/7/2026,0,I followed promptings to avoid being an idiot in class so that was nice.
5/7/2026,1,I learned about provident living.
5/7/2026,0,I got to see Josiah [heart]
5/8/2026,1,I learned some cool things about how eyes work!
5/11/2026,2,I am grateful for the campus I am on
5/11/2026,2,I am grateful for my family
5/11/2026,4,I'm looking forward to taking an exam (not)
5/11/2026,0,4

